{
  "timestamp": "2026-01-19T16:11:56.813119+00:00",
  "benchmarks": {
    "backtest/macd_strategy_1000": {
      "mean_ns": 35739447.865
    },
    "backtest/momentum_strategy_1000": {
      "mean_ns": 2297581.329090908
    },
    "backtest/rsi_strategy_1000": {
      "mean_ns": 2728323.824736843
    },
    "indicators/atr_14": {
      "mean_ns": 1299.1567419821572
    },
    "indicators/bbands_20_2": {
      "mean_ns": 30.937327729584062
    },
    "indicators/macd_12_26_9": {
      "mean_ns": 68917.93559509603
    },
    "indicators/rsi_14": {
      "mean_ns": 586.9952320121498
    },
    "monte_carlo/mc_1000_sims": {
      "mean_ns": 769271.1103418034
    },
    "monte_carlo/mc_100_sims": {
      "mean_ns": 77042.63518613801
    },
    "onnx/batch_inference_100": {
      "mean_ns": 4857.334967363866
    },
    "onnx/batch_inference_1000": {
      "mean_ns": 23080.958795792292
    },
    "onnx/batch_inference_2520_10y": {
      "mean_ns": 150644.59867556253
    },
    "onnx/single_inference_minimal": {
      "mean_ns": 2722.4522683614055
    },
    "onnx/single_inference_simple_mlp": {
      "mean_ns": 4056.72650630523
    },
    "optimization/optimize_9_params": {
      "mean_ns": 8745307.052784992
    },
    "parquet/export_1000_rows": {
      "mean_ns": 347211.29877519177
    },
    "spec_required/daily_10y": {
      "mean_ns": 2341359.259090909
    },
    "spec_required/multi_symbol_3": {
      "mean_ns": 7106947.705
    },
    "spec_required/single_bar_1000": {
      "mean_ns": 1942516.8721977312
    },
    "sweep/sweep_1000": {
      "mean_ns": 71596154.91950397
    },
    "walkforward/walkforward_12fold": {
      "mean_ns": 64679207.044821426
    }
  },
  "environment": {
    "os": "Linux 6.11.0-1018-azure",
    "os_name": "Linux",
    "cpu": "x86_64",
    "machine": "x86_64",
    "python": "3.11.14"
  }
}