{
  "timestamp": "2026-01-19T17:55:25.944007+00:00",
  "benchmarks": {
    "backtest/macd_strategy_1000": {
      "mean_ns": 28755516.155
    },
    "backtest/momentum_strategy_1000": {
      "mean_ns": 2187868.516086957
    },
    "backtest/rsi_strategy_1000": {
      "mean_ns": 2658567.0973684215
    },
    "indicators/atr_14": {
      "mean_ns": 1047.0399488503429
    },
    "indicators/bbands_20_2": {
      "mean_ns": 26.00676298505743
    },
    "indicators/macd_12_26_9": {
      "mean_ns": 54148.604137109105
    },
    "indicators/rsi_14": {
      "mean_ns": 716.7841001144839
    },
    "monte_carlo/mc_1000_sims": {
      "mean_ns": 757434.0001124885
    },
    "monte_carlo/mc_100_sims": {
      "mean_ns": 74865.4659893482
    },
    "onnx/batch_inference_100": {
      "mean_ns": 5119.993844851657
    },
    "onnx/batch_inference_1000": {
      "mean_ns": 22878.11004211042
    },
    "onnx/batch_inference_2520_10y": {
      "mean_ns": 171991.90867891815
    },
    "onnx/single_inference_minimal": {
      "mean_ns": 3016.3675740838808
    },
    "onnx/single_inference_simple_mlp": {
      "mean_ns": 4377.4737895658245
    },
    "optimization/optimize_9_params": {
      "mean_ns": 6595616.316530612
    },
    "parquet/export_1000_rows": {
      "mean_ns": 493324.21099794237
    },
    "spec_required/daily_10y": {
      "mean_ns": 2192864.2808695664
    },
    "spec_required/multi_symbol_3": {
      "mean_ns": 6641309.83
    },
    "spec_required/single_bar_1000": {
      "mean_ns": 1774785.9418822972
    },
    "sweep/sweep_1000": {
      "mean_ns": 50784480.756051585
    },
    "walkforward/walkforward_12fold": {
      "mean_ns": 50195965.611686505
    }
  },
  "environment": {
    "os": "Linux 6.11.0-1018-azure",
    "os_name": "Linux",
    "cpu": "x86_64",
    "machine": "x86_64",
    "python": "3.11.14"
  }
}