{
  "timestamp": "2026-01-19T17:33:49.635252+00:00",
  "benchmarks": {
    "backtest/macd_strategy_1000": {
      "mean_ns": 29281302.065
    },
    "backtest/momentum_strategy_1000": {
      "mean_ns": 2971106.176470589
    },
    "backtest/rsi_strategy_1000": {
      "mean_ns": 3441757.6033333335
    },
    "indicators/atr_14": {
      "mean_ns": 1049.440708131304
    },
    "indicators/bbands_20_2": {
      "mean_ns": 26.015490687905526
    },
    "indicators/macd_12_26_9": {
      "mean_ns": 54112.21592317318
    },
    "indicators/rsi_14": {
      "mean_ns": 716.6177462441989
    },
    "monte_carlo/mc_1000_sims": {
      "mean_ns": 757965.5122506613
    },
    "monte_carlo/mc_100_sims": {
      "mean_ns": 75017.17610061845
    },
    "onnx/batch_inference_100": {
      "mean_ns": 5056.46133638752
    },
    "onnx/batch_inference_1000": {
      "mean_ns": 22919.437571659997
    },
    "onnx/batch_inference_2520_10y": {
      "mean_ns": 173012.1265915305
    },
    "onnx/single_inference_minimal": {
      "mean_ns": 2867.7373315148834
    },
    "onnx/single_inference_simple_mlp": {
      "mean_ns": 4317.537754505984
    },
    "optimization/optimize_9_params": {
      "mean_ns": 9789210.143769842
    },
    "parquet/export_1000_rows": {
      "mean_ns": 485338.4249278273
    },
    "spec_required/daily_10y": {
      "mean_ns": 2961396.4505882342
    },
    "spec_required/multi_symbol_3": {
      "mean_ns": 8933297.46166667
    },
    "spec_required/single_bar_1000": {
      "mean_ns": 2558034.2099999995
    },
    "sweep/sweep_1000": {
      "mean_ns": 76461271.09517857
    },
    "walkforward/walkforward_12fold": {
      "mean_ns": 74100192.77319445
    }
  },
  "environment": {
    "os": "Linux 6.11.0-1018-azure",
    "os_name": "Linux",
    "cpu": "x86_64",
    "machine": "x86_64",
    "python": "3.11.14"
  }
}