{
  "timestamp": "2026-01-19T17:13:35.161069+00:00",
  "benchmarks": {
    "backtest/macd_strategy_1000": {
      "mean_ns": 29201204.465
    },
    "backtest/momentum_strategy_1000": {
      "mean_ns": 2678803.4568421054
    },
    "backtest/rsi_strategy_1000": {
      "mean_ns": 3144500.3
    },
    "indicators/atr_14": {
      "mean_ns": 1040.1045090246587
    },
    "indicators/bbands_20_2": {
      "mean_ns": 26.015476321278975
    },
    "indicators/macd_12_26_9": {
      "mean_ns": 54111.9146486121
    },
    "indicators/rsi_14": {
      "mean_ns": 715.3660455106104
    },
    "monte_carlo/mc_1000_sims": {
      "mean_ns": 757300.4045152826
    },
    "monte_carlo/mc_100_sims": {
      "mean_ns": 74968.59589637394
    },
    "onnx/batch_inference_100": {
      "mean_ns": 5089.854822176564
    },
    "onnx/batch_inference_1000": {
      "mean_ns": 22855.638532898833
    },
    "onnx/batch_inference_2520_10y": {
      "mean_ns": 170868.58743997372
    },
    "onnx/single_inference_minimal": {
      "mean_ns": 2959.6568867628066
    },
    "onnx/single_inference_simple_mlp": {
      "mean_ns": 4389.542522199504
    },
    "optimization/optimize_9_params": {
      "mean_ns": 8572350.715898268
    },
    "parquet/export_1000_rows": {
      "mean_ns": 498316.00612550153
    },
    "spec_required/daily_10y": {
      "mean_ns": 2686610.111578948
    },
    "spec_required/multi_symbol_3": {
      "mean_ns": 8076839.957142855
    },
    "spec_required/single_bar_1000": {
      "mean_ns": 2257550.9430434788
    },
    "sweep/sweep_1000": {
      "mean_ns": 66710461.48313491
    },
    "walkforward/walkforward_12fold": {
      "mean_ns": 64970608.7607738
    }
  },
  "environment": {
    "os": "Linux 6.11.0-1018-azure",
    "os_name": "Linux",
    "cpu": "x86_64",
    "machine": "x86_64",
    "python": "3.11.14"
  }
}