{
  "timestamp": "2026-01-19T14:40:51.640540+00:00",
  "benchmarks": {
    "backtest/macd_strategy_1000": {
      "mean_ns": 29550111.895
    },
    "backtest/momentum_strategy_1000": {
      "mean_ns": 3043949.431176471
    },
    "backtest/rsi_strategy_1000": {
      "mean_ns": 3512507.241333334
    },
    "indicators/atr_14": {
      "mean_ns": 1039.6260214972197
    },
    "indicators/bbands_20_2": {
      "mean_ns": 26.03567241422693
    },
    "indicators/macd_12_26_9": {
      "mean_ns": 54124.327176746825
    },
    "indicators/rsi_14": {
      "mean_ns": 715.9681352055511
    },
    "monte_carlo/mc_1000_sims": {
      "mean_ns": 759385.1460717593
    },
    "monte_carlo/mc_100_sims": {
      "mean_ns": 74951.26299572096
    },
    "onnx/batch_inference_100": {
      "mean_ns": 5167.098271212781
    },
    "onnx/batch_inference_1000": {
      "mean_ns": 24164.434698101853
    },
    "onnx/batch_inference_2520_10y": {
      "mean_ns": 181182.5824816445
    },
    "onnx/single_inference_minimal": {
      "mean_ns": 3004.7057349792944
    },
    "onnx/single_inference_simple_mlp": {
      "mean_ns": 4379.038975869459
    },
    "optimization/optimize_9_params": {
      "mean_ns": 10121420.941741625
    },
    "parquet/export_1000_rows": {
      "mean_ns": 464964.86804757814
    },
    "spec_required/daily_10y": {
      "mean_ns": 3034447.789411764
    },
    "spec_required/multi_symbol_3": {
      "mean_ns": 9135081.325000005
    },
    "spec_required/single_bar_1000": {
      "mean_ns": 2639839.2035000008
    },
    "sweep/sweep_1000": {
      "mean_ns": 79106181.94589286
    },
    "walkforward/walkforward_12fold": {
      "mean_ns": 76720041.28097221
    }
  },
  "environment": {
    "os": "Linux 6.11.0-1018-azure",
    "os_name": "Linux",
    "cpu": "x86_64",
    "machine": "x86_64",
    "python": "3.11.14"
  }
}